{"info":{"_postman_id":"388a0952-6128-4317-bb41-2108ba82b611","name":"Department","schema":"https://schema.getpostman.com/json/collection/v2.1.0/collection.json"},"item":[{"name":"index","id":"84739dfe-a03b-437d-ab86-ac5113d63d90","protocolProfileBehavior":{"disableBodyPruning":true},"request":{"auth":{"type":"bearer","bearer":[{"key":"token","value":"{{token}}","type":"string"}]},"method":"GET","header":[],"url":{"raw":"http://127.0.0.1:8000/api/department","protocol":"http","host":["127","0","0","1"],"port":"8000","path":["api","department"]}},"response":[]},{"name":"show","id":"9c9a184a-4dab-4dee-bb17-c02fbe8b55f2","protocolProfileBehavior":{"disableBodyPruning":true},"request":{"auth":{"type":"bearer","bearer":[{"key":"token","value":"{{token}}","type":"string"}]},"method":"GET","header":[],"url":{"raw":"http://127.0.0.1:8000/api/department/1","protocol":"http","host":["127","0","0","1"],"port":"8000","path":["api","department","1"]}},"response":[]},{"name":"create","id":"981a64f6-48af-4564-99c0-7439d98f1832","protocolProfileBehavior":{"disableBodyPruning":true},"request":{"auth":{"type":"bearer","bearer":[{"key":"token","value":"{{token}}","type":"string"}]},"method":"POST","header":[],"body":{"mode":"urlencoded","urlencoded":[{"key":"name","value":"hathout","type":"text"}]},"url":{"raw":"http://127.0.0.1:8000/api/department","protocol":"http","host":["127","0","0","1"],"port":"8000","path":["api","department"]}},"response":[]},{"name":"update","id":"fd5c5005-38fa-4565-9d9a-ac4f07ec8b58","protocolProfileBehavior":{"disableBodyPruning":true},"request":{"auth":{"type":"bearer","bearer":[{"key":"token","value":"{{token}}","type":"string"}]},"method":"PUT","header":[],"body":{"mode":"urlencoded","urlencoded":[{"key":"name","value":"Financial99","type":"text"}]},"url":{"raw":"http://127.0.0.1:8000/api/department/1","protocol":"http","host":["127","0","0","1"],"port":"8000","path":["api","department","1"]}},"response":[]},{"name":"delete","id":"d8387690-f077-441e-a6c2-be8a97923116","protocolProfileBehavior":{"disableBodyPruning":true},"request":{"auth":{"type":"bearer","bearer":[{"key":"token","value":"{{token}}","type":"string"}]},"method":"DELETE","header":[],"body":{"mode":"formdata","formdata":[]},"url":{"raw":"http://127.0.0.1:8000/api/department/1","protocol":"http","host":["127","0","0","1"],"port":"8000","path":["api","department","1"]}},"response":[]},{"name":"import department","id":"d4a0f012-516b-4534-b804-e2e5c2ced40c","protocolProfileBehavior":{"disableBodyPruning":true},"request":{"auth":{"type":"bearer","bearer":[{"key":"token","value":"{{token}}","type":"string"}]},"method":"POST","header":[],"body":{"mode":"formdata","formdata":[{"key":"file","type":"file","src":"/C:/Users/hathout/Desktop/importDepartment.xlsx"}]},"url":{"raw":"{{localhost}}importDepartment","host":["{{localhost}}importDepartment"]}},"response":[]},{"name":"update","id":"fe69a9d3-421c-4f78-ba0f-5fb4919a7b19","protocolProfileBehavior":{"disableBodyPruning":true},"request":{"auth":{"type":"bearer","bearer":[{"key":"token","value":"{{token}}","type":"string"}]},"method":"GET","header":[],"url":{"raw":"{{localhost}}downloadImportTemplate","host":["{{localhost}}downloadImportTemplate"]}},"response":[]},{"name":"DownloadDepartmentTemplate","id":"634ccf32-d56e-4ac1-8672-66be97d9ae4b","protocolProfileBehavior":{"disableBodyPruning":true},"request":{"auth":{"type":"bearer","bearer":[{"key":"token","value":"{{token}}","type":"string"}]},"method":"GET","header":[{"key":"Content-Type","value":"application/vnd.ms-excel","type":"text","disabled":true}],"body":{"mode":"urlencoded","urlencoded":[]},"url":{"raw":"{{localhost}}DownloadDepartmentTemplate","host":["{{localhost}}DownloadDepartmentTemplate"]}},"response":[]}]}