{"info":{"_postman_id":"4444590b-a829-482e-ad28-cffecb7fd975","name":"subject","schema":"https://schema.getpostman.com/json/collection/v2.1.0/collection.json"},"item":[{"name":"index","id":"4254cdb3-6f4a-4629-a332-95c7b6c87628","protocolProfileBehavior":{"disableBodyPruning":true},"request":{"auth":{"type":"bearer","bearer":[{"key":"token","value":"{{token}}","type":"string"}]},"method":"GET","header":[],"url":{"raw":"http://127.0.0.1:8000/api/subject","protocol":"http","host":["127","0","0","1"],"port":"8000","path":["api","subject"]}},"response":[]},{"name":"show","id":"dcc6a047-abf4-413a-a6e4-e60801918264","protocolProfileBehavior":{"disableBodyPruning":true},"request":{"auth":{"type":"bearer","bearer":[{"key":"token","value":"{{token}}","type":"string"}]},"method":"GET","header":[],"url":{"raw":"http://127.0.0.1:8000/api/subject/3","protocol":"http","host":["127","0","0","1"],"port":"8000","path":["api","subject","3"]}},"response":[]},{"name":"store","id":"8e48004a-110c-487e-a728-d7c1f61c001e","protocolProfileBehavior":{"disableBodyPruning":true},"request":{"auth":{"type":"bearer","bearer":[{"key":"token","value":"{{token}}","type":"string"}]},"method":"POST","header":[],"body":{"mode":"urlencoded","urlencoded":[{"key":"subject_name","value":"arabic","type":"text"}]},"url":{"raw":"http://127.0.0.1:8000/api/subject","protocol":"http","host":["127","0","0","1"],"port":"8000","path":["api","subject"]}},"response":[]},{"name":"update","id":"3a8d9e09-077f-4488-9734-da6156df2da5","protocolProfileBehavior":{"disableBodyPruning":true},"request":{"auth":{"type":"bearer","bearer":[{"key":"token","value":"{{token}}","type":"string"}]},"method":"PUT","header":[],"body":{"mode":"urlencoded","urlencoded":[{"key":"subject_name","value":"english","type":"text"}]},"url":{"raw":"http://127.0.0.1:8000/api/subject/1","protocol":"http","host":["127","0","0","1"],"port":"8000","path":["api","subject","1"]}},"response":[]},{"name":"destroy","id":"f0dca002-aaf5-40c4-97b4-a17ea719ca1f","protocolProfileBehavior":{"disableBodyPruning":true},"request":{"auth":{"type":"bearer","bearer":[{"key":"token","value":"{{token}}","type":"string"}]},"method":"DELETE","header":[],"url":{"raw":"http://127.0.0.1:8000/api/subject/5","protocol":"http","host":["127","0","0","1"],"port":"8000","path":["api","subject","5"]}},"response":[]}]}