{"info":{"_postman_id":"585d7d34-518d-498e-adff-7021aff6985f","name":"Authentication","schema":"https://schema.getpostman.com/json/collection/v2.1.0/collection.json"},"item":[{"name":"register","id":"20524eaf-d10a-4329-ac2d-365694b4c186","protocolProfileBehavior":{"disableBodyPruning":true},"request":{"method":"POST","header":[],"body":{"mode":"urlencoded","urlencoded":[{"key":"name","value":"123sds","type":"text"},{"key":"email","value":"mo1@gmail.com","type":"text"},{"key":"password","value":"122345","type":"text"}]},"url":{"raw":"http://127.0.0.1:8000/api/register","protocol":"http","host":["127","0","0","1"],"port":"8000","path":["api","register"]}},"response":[]},{"name":"login","id":"f4644b27-d2b4-4cd9-a690-a85d1a3ec3fc","protocolProfileBehavior":{"disableBodyPruning":true},"request":{"method":"POST","header":[],"body":{"mode":"formdata","formdata":[{"key":"email","value":"test@example.com","type":"text"},{"key":"password","value":"123456","type":"text"}]},"url":{"raw":"http://127.0.0.1:8000/api/login","protocol":"http","host":["127","0","0","1"],"port":"8000","path":["api","login"]}},"response":[]},{"name":"logout","id":"aec7875b-39c6-4fe4-9dd1-b28c88892b8e","protocolProfileBehavior":{"disableBodyPruning":true},"request":{"auth":{"type":"bearer","bearer":[{"key":"token","value":"{{token}}","type":"string"}]},"method":"POST","header":[],"body":{"mode":"formdata","formdata":[{"key":"email","value":"test@example.com","type":"text","disabled":true},{"key":"password","value":"123456","type":"text","disabled":true}]},"url":{"raw":"http://127.0.0.1:8000/api/logout","protocol":"http","host":["127","0","0","1"],"port":"8000","path":["api","logout"]}},"response":[]},{"name":"test","id":"6d424c66-2db8-4ca3-9310-499f57d1ac9a","protocolProfileBehavior":{"disableBodyPruning":true},"request":{"auth":{"type":"bearer","bearer":[{"key":"token","value":"5|7eqVEDZV6PWre5otZbBAzSgYe0A0GrVGwOBFkU8eaba5b6ec","type":"string"}]},"method":"GET","header":[],"body":{"mode":"urlencoded","urlencoded":[]},"url":{"raw":"http://127.0.0.1:8000/api/user/test","protocol":"http","host":["127","0","0","1"],"port":"8000","path":["api","user","test"]}},"response":[]},{"name":"set password","id":"f720b031-41a6-466b-8b23-ee442ac2ae5f","protocolProfileBehavior":{"disableBodyPruning":true},"request":{"auth":{"type":"bearer","bearer":[{"key":"token","value":"{{token}}","type":"string"}]},"method":"GET","header":[],"body":{"mode":"raw","raw":"{\r\n    \"current_password\": \"welcome\",\r\n    \"new_password\" : 123456\r\n}","options":{"raw":{"language":"json"}}},"url":{"raw":"{{localhost}}setPassword/1","host":["{{localhost}}setPassword"],"path":["1"]}},"response":[]},{"name":"reset password","id":"c47e36c2-f720-45d7-8d40-9e36caced1e6","protocolProfileBehavior":{"disableBodyPruning":true},"request":{"auth":{"type":"bearer","bearer":[{"key":"token","value":"{{token}}","type":"string"}]},"method":"GET","header":[],"url":{"raw":"{{localhost}}resetPassword/1","host":["{{localhost}}resetPassword"],"path":["1"]}},"response":[]}]}