{"info":{"_postman_id":"8f1d9f40-e840-4c2c-8823-c9d5decd0b30","name":"Admin","schema":"https://schema.getpostman.com/json/collection/v2.1.0/collection.json"},"item":[{"name":"index","id":"84a1deea-d55b-4175-8520-c9477881ca1c","protocolProfileBehavior":{"disableBodyPruning":true},"request":{"auth":{"type":"bearer","bearer":[{"key":"token","value":"{{token}}","type":"string"}]},"method":"GET","header":[],"url":{"raw":"http://127.0.0.1:8000/api/admin","protocol":"http","host":["127","0","0","1"],"port":"8000","path":["api","admin"]}},"response":[]},{"name":"show","id":"86a418da-38c0-4189-8cb7-879a0bc824b9","protocolProfileBehavior":{"disableBodyPruning":true},"request":{"auth":{"type":"bearer","bearer":[{"key":"token","value":"{{token}}","type":"string"}]},"method":"GET","header":[],"url":{"raw":"{{localhost}}admin/1","host":["{{localhost}}admin"],"path":["1"]}},"response":[]},{"name":"create","id":"27c14ab5-3f4b-4f00-87a7-a6706ef5f4a2","protocolProfileBehavior":{"disableBodyPruning":true},"request":{"auth":{"type":"bearer","bearer":[{"key":"token","value":"{{token}}","type":"string"}]},"method":"POST","header":[],"body":{"mode":"urlencoded","urlencoded":[{"key":"role","value":"admin","type":"text","disabled":true},{"key":"name","value":"mohamed","type":"text"},{"key":"email","value":"2@gmmail.comm1","type":"text"},{"key":"phone","value":"01128995765","type":"text","disabled":true},{"key":"address","value":"aaaaaaa","type":"text","disabled":true},{"key":"password","value":"123456","type":"text"},{"key":"department_id","value":"2","type":"text"},{"key":"basic_salary","value":"5000","type":"text","disabled":true},{"key":"subject_id","value":"","type":"text","disabled":true},{"key":"user_type","value":"employee","type":"text","disabled":true}]},"url":{"raw":"{{localhost}}admin","host":["{{localhost}}admin"]}},"response":[]},{"name":"update","id":"be1be1b5-d04d-40e4-a9e6-a08217fa3c56","protocolProfileBehavior":{"disableBodyPruning":true},"request":{"auth":{"type":"bearer","bearer":[{"key":"token","value":"{{token}}","type":"string"}]},"method":"PUT","header":[],"body":{"mode":"raw","raw":"{\r\n  \"name\": \"John Doe\",\r\n  //\"phone\": \"+1234567890\",\r\n  //\"address\": \"123 Main St, City\",\r\n  //\"password\": \"123456\",\r\n  \"email\": \"test2@example.com\",\r\n  \"department_id\": 2,\r\n  \"status\": false,\r\n  \"avatar_url\": \"\",\r\n  \"id\": null\r\n}","options":{"raw":{"language":"json"}}},"url":{"raw":"{{localhost}}admin/1","host":["{{localhost}}admin"],"path":["1"]}},"response":[]},{"name":"delete","id":"66f92ed4-3ca2-477d-ac9c-411d4faafd16","protocolProfileBehavior":{"disableBodyPruning":true},"request":{"auth":{"type":"bearer","bearer":[{"key":"token","value":"{{token}}","type":"string"}]},"method":"DELETE","header":[],"url":{"raw":"{{localhost}}admin/4","host":["{{localhost}}admin"],"path":["4"]}},"response":[]},{"name":"store employee","id":"dc08a0ac-aa17-4635-b9aa-5fc055761373","protocolProfileBehavior":{"disableBodyPruning":true},"request":{"method":"GET","header":[]},"response":[]}]}