{"info":{"_postman_id":"a47bf54e-6fc3-4a58-9cee-10a31985c615","name":"Software Project","schema":"https://schema.getpostman.com/json/collection/v2.1.0/collection.json"},"item":[{"name":"User","item":[{"name":"Admin","item":[{"name":"Add User","id":"754f05f3-11bd-464a-86c3-dccdd70c22e6","protocolProfileBehavior":{"disableBodyPruning":true},"request":{"method":"POST","header":[{"key":"token","value":"0d77713fccbd6f42ffd31a898a6c875f","type":"text"}],"body":{"mode":"urlencoded","urlencoded":[{"key":"name","value":"Mohamed Ayman","type":"text"},{"key":"email","value":"mohamed123@gmail.com","type":"text"},{"key":"password","value":"123456789","type":"text"},{"key":"phone","value":"01147342259","type":"text"},{"key":"warehouseId","value":" 6","type":"text","disabled":true}]},"url":{"raw":"{{localhost}}admin/addUser","host":["{{localhost}}admin"],"path":["addUser"]}},"response":[]},{"name":"updateUser","id":"caa779ee-a2fe-4b1d-91ba-fb3115a47cc0","protocolProfileBehavior":{"disableBodyPruning":true},"request":{"method":"PUT","header":[{"key":"token","value":"2c31ac99774ed1836ec8c272326e3f5c","type":"text"}],"body":{"mode":"urlencoded","urlencoded":[{"key":"name","value":"","type":"text"},{"key":"email","value":"","type":"text"},{"key":"password","value":"","type":"text"},{"key":"phone","value":"010565365465","type":"text"}]},"url":{"raw":"{{localhost}}admin/updateUser/9","host":["{{localhost}}admin"],"path":["updateUser","9"]}},"response":[]},{"name":"get User","id":"40e883a3-2a8a-4b80-bacb-f3f8a792964a","protocolProfileBehavior":{"disableBodyPruning":true},"request":{"method":"GET","header":[{"key":"token","value":"a43a6b115c9cf7a927eaa5e889a298dc","type":"text"}],"url":{"raw":"{{localhost}}admin/getUser/9","host":["{{localhost}}admin"],"path":["getUser","9"]}},"response":[]},{"name":"getAllUsers","id":"0307e930-fba2-4f6b-8749-6d9fde04417e","protocolProfileBehavior":{"disableBodyPruning":true},"request":{"method":"GET","header":[],"url":{"raw":"{{localhost}}admin/getAllUsers","host":["{{localhost}}admin"],"path":["getAllUsers"]}},"response":[]},{"name":"delete user","id":"941f343b-5556-435c-8427-2519fa0067b1","protocolProfileBehavior":{"disableBodyPruning":true},"request":{"method":"DELETE","header":[{"key":"token","value":"615165","type":"text"}],"url":{"raw":"{{localhost}}admin/deleteUser/2","host":["{{localhost}}admin"],"path":["deleteUser","2"]}},"response":[]}],"id":"fff42af5-2818-4854-95d4-38639a489ef5"},{"name":"login","id":"acacaf3d-7e63-4119-b790-4f7d4096e856","protocolProfileBehavior":{"disableBodyPruning":true},"request":{"method":"POST","header":[],"body":{"mode":"urlencoded","urlencoded":[{"key":"email","value":"mo1@gmail.com","type":"text"},{"key":"password","value":"123456","type":"text"}]},"url":{"raw":"{{localhost}}user/login","host":["{{localhost}}user"],"path":["login"]}},"response":[]},{"name":"logout","id":"c21ef959-6256-42bf-991b-6c4726b05205","protocolProfileBehavior":{"disableBodyPruning":true},"request":{"method":"POST","header":[{"key":"token","value":"945d22e62df8bb77767585ccd9b43be9","type":"text"}],"url":{"raw":"{{localhost}}user/logout","host":["{{localhost}}user"],"path":["logout"]}},"response":[]}],"id":"438b9d72-2875-4157-ae61-9a189680dfed"},{"name":"Warehouse","item":[{"name":"add warehouse","id":"e2c93f9c-3d43-4d43-8e84-b6d2fe6d2e0b","protocolProfileBehavior":{"disableBodyPruning":true},"request":{"method":"POST","header":[{"key":"token","value":"2c31ac99774ed1836ec8c272326e3f5c","type":"text"}],"body":{"mode":"urlencoded","urlencoded":[{"key":"name","value":"new Warehouse","type":"text"},{"key":"location","value":"new Aswan","type":"text"},{"key":"isActive","value":"0","type":"text","disabled":true}]},"url":{"raw":"{{localhost}}warehouse/createWarehouse","host":["{{localhost}}warehouse"],"path":["createWarehouse"]}},"response":[]},{"name":"getAllWarehouses","id":"be33db7b-827b-4178-84d9-40b3118fddc6","protocolProfileBehavior":{"disableBodyPruning":true},"request":{"method":"GET","header":[{"key":"token","value":"2c31ac99774ed1836ec8c272326e3f5c","type":"text"}],"url":{"raw":"{{localhost}}warehouse/getWarehouses","host":["{{localhost}}warehouse"],"path":["getWarehouses"]}},"response":[]},{"name":"get Warehouse","id":"3f37aabb-2198-4080-9233-55d5290f8ead","protocolProfileBehavior":{"disableBodyPruning":true},"request":{"method":"GET","header":[{"key":"token","value":"","type":"text"}],"url":{"raw":"{{localhost}}warehouse/getWarehouse/5","host":["{{localhost}}warehouse"],"path":["getWarehouse","5"]}},"response":[]},{"name":"Delete Warehouse","id":"8bf7f14b-0950-45a2-a79e-3cbca6161b5d","protocolProfileBehavior":{"disableBodyPruning":true},"request":{"method":"DELETE","header":[{"key":"token","value":"6ae0252e194f8662cbb8eddfb274a93f","type":"text"}],"url":{"raw":"{{localhost}}warehouse/deleteWarehouse/6","host":["{{localhost}}warehouse"],"path":["deleteWarehouse","6"]}},"response":[]},{"name":"UpdateWarehouse","id":"87e00e2f-c259-475b-99b5-9cb025879cca","protocolProfileBehavior":{"disableBodyPruning":true},"request":{"method":"PUT","header":[{"key":"token","value":"","type":"text"}],"body":{"mode":"raw","raw":"{\r\n    \"name\":\"\",\r\n    \"location\":\"aaa\",\r\n    \"isActive\": false\r\n}","options":{"raw":{"language":"json"}}},"url":{"raw":"{{localhost}}warehouse/updateWarehouse/6","host":["{{localhost}}warehouse"],"path":["updateWarehouse","6"]}},"response":[]}],"id":"bec95cc9-4df6-43dc-90f4-173a9dcc0213"},{"name":"Product","item":[{"name":"Add product","id":"c00dc1bc-3c03-486f-a3c5-81cd51ca10ca","protocolProfileBehavior":{"disableBodyPruning":true},"request":{"method":"POST","header":[],"body":{"mode":"raw","raw":"{\r\n    \"name\": \"string\",\r\n  \"description\": \"string\",\r\n  \"stock\": \"number\",\r\n  \"warehouseId\": 7\r\n}","options":{"raw":{"language":"json"}}},"url":{"raw":"{{localhost}}product/createProduct","host":["{{localhost}}product"],"path":["createProduct"]}},"response":[]},{"name":"getAllProductsFor warehouse","id":"97f662a0-be33-4180-bcae-738546aa28e3","protocolProfileBehavior":{"disableBodyPruning":true},"request":{"method":"GET","header":[],"url":{"raw":"{{localhost}}product/findAllProducts/8","host":["{{localhost}}product"],"path":["findAllProducts","8"]}},"response":[]},{"name":"Get All product for admin","id":"3f04c7e2-fb47-43e2-bde3-2bdfdc81dd50","protocolProfileBehavior":{"disableBodyPruning":true},"request":{"method":"GET","header":[],"url":{"raw":"{{localhost}}product/getAllProductsForAdmin","host":["{{localhost}}product"],"path":["getAllProductsForAdmin"]}},"response":[]},{"name":"delete requst","id":"edf47540-0b17-44d1-b657-deeec1ca501d","protocolProfileBehavior":{"disableBodyPruning":true},"request":{"method":"DELETE","header":[],"url":{"raw":"{{localhost}}product/4","host":["{{localhost}}product"],"path":["4"]}},"response":[]},{"name":"getOneProduct","id":"e368130c-6513-4e80-a67e-f1d03ca21fb7","protocolProfileBehavior":{"disableBodyPruning":true},"request":{"method":"GET","header":[],"url":{"raw":"{{localhost}}product/3","host":["{{localhost}}product"],"path":["3"]}},"response":[]},{"name":"update product","id":"19efbc65-f9e1-4109-ae92-70207263fe69","protocolProfileBehavior":{"disableBodyPruning":true},"request":{"method":"PATCH","header":[],"body":{"mode":"raw","raw":"{\r\n    \"name\": null,\r\n  \"description\": null,\r\n  \"stock\": null,\r\n  \"warehouseId\": null\r\n}","options":{"raw":{"language":"json"}}},"url":{"raw":"{{localhost}}product/10","host":["{{localhost}}product"],"path":["10"]}},"response":[]}],"id":"8fd8d291-58ed-4c5b-b0ea-7e2940a0c0a9"},{"name":"Request","item":[{"name":"getRequest","id":"6b00b969-8dea-4cd5-9ec6-6f3a9438747a","protocolProfileBehavior":{"disableBodyPruning":true},"request":{"method":"GET","header":[{"key":"token","value":"ad1e345ab6bd42443b5434dd05299fb4","type":"text"}],"url":{"raw":"{{localhost}}request/getAllRequests","host":["{{localhost}}request"],"path":["getAllRequests"]}},"response":[]},{"name":"Delete Request","id":"68b8e6c0-1501-49fc-9505-9eeed4620657","protocolProfileBehavior":{"disableBodyPruning":true},"request":{"method":"DELETE","header":[],"url":{"raw":"{{localhost}}request/deleteRequest/1","host":["{{localhost}}request"],"path":["deleteRequest","1"]}},"response":[]},{"name":"createRequest","id":"e209bd0a-adc2-46aa-aff8-243729a0b547","protocolProfileBehavior":{"disableBodyPruning":true},"request":{"method":"POST","header":[],"body":{"mode":"raw","raw":"{\r\n    \"quantity\": 5,\r\n    \"shippingCompanyId\":1,\r\n    \"userId\":1,\r\n    \"productId\":1,\r\n    \"isIncrease\":true\r\n}","options":{"raw":{"language":"json"}}},"url":{"raw":"{{localhost}}request/createRequest","host":["{{localhost}}request"],"path":["createRequest"]}},"response":[]},{"name":"AcceptRequest","id":"15bd444d-2537-4864-8537-963e1176809f","protocolProfileBehavior":{"disableBodyPruning":true},"request":{"method":"GET","header":[],"url":{"raw":"{{localhost}}request/acceptRequest/3","host":["{{localhost}}request"],"path":["acceptRequest","3"]}},"response":[]},{"name":"rejectRequest","id":"8a99e9fc-35d6-488a-aa23-fff09f1b9304","protocolProfileBehavior":{"disableBodyPruning":true},"request":{"method":"GET","header":[],"url":{"raw":"{{localhost}}request/rejectRequest/2","host":["{{localhost}}request"],"path":["rejectRequest","2"]}},"response":[]},{"name":"editRequest","id":"e63096da-ba05-4c6f-b5cb-bb8bc7c8fc56","protocolProfileBehavior":{"disableBodyPruning":true},"request":{"method":"PUT","header":[],"body":{"mode":"raw","raw":"{\r\n    \"quantity\": null,\r\n    \"shippingCompanyId\": null,\r\n    \"userId\": 1,\r\n    \"productId\": 1,\r\n    \"isIncrease\": null\r\n    }","options":{"raw":{"language":"json"}}},"url":{"raw":"{{localhost}}request/editRequest/2","host":["{{localhost}}request"],"path":["editRequest","2"]}},"response":[]}],"id":"d39dd390-69e1-4817-99c8-f0784e33787c"}]}