{"info":{"_postman_id":"a7934cda-3aba-4551-b7b3-67684259b548","name":"superadmin","schema":"https://schema.getpostman.com/json/collection/v2.1.0/collection.json"},"item":[{"name":"department dashboard(Not Used Yet)","id":"3e5e552b-d629-40e7-ae29-b47161b8368e","protocolProfileBehavior":{"disableBodyPruning":true},"request":{"method":"GET","header":[],"url":{"raw":"{{localhost}}superAdmin/departmentDashboard","host":["{{localhost}}superAdmin"],"path":["departmentDashboard"]}},"response":[]},{"name":"Main DashBoard","id":"c6f692af-44fa-4683-a43d-bc8f2c3233e1","protocolProfileBehavior":{"disableBodyPruning":true},"request":{"auth":{"type":"bearer","bearer":[{"key":"token","value":"{{token}}","type":"string"}]},"method":"GET","header":[],"url":{"raw":"{{localhost}}superAdmin/mainDashboard","host":["{{localhost}}superAdmin"],"path":["mainDashboard"]}},"response":[]}]}