{"info":{"_postman_id":"abfc1fde-70d7-47e3-b029-d10907d11b66","name":"mongoTask","schema":"https://schema.getpostman.com/json/collection/v2.1.0/collection.json"},"item":[{"name":"Add user","id":"2c4a4d53-b61a-48f4-b823-b02f85dd29c6","protocolProfileBehavior":{"disableBodyPruning":true},"request":{"method":"POST","header":[]},"response":[]},{"name":"create blood request","id":"54fec9d8-873c-4eda-8164-427d2649a2ee","protocolProfileBehavior":{"disableBodyPruning":true},"request":{"method":"POST","header":[],"body":{"mode":"raw","raw":"{   \"bloodrequest\":{\r\n    \"patientName\": \"ashraf\",\r\n    \"requestDetails\": \"nene\",\r\n    \"phoneNumber\": \"01128995765\",\r\n    \"donationLocation\": \"Maadi\",\r\n    \"requestBloodType\": \"A-\",\r\n    \"bloodQuantity\": \"5\",\r\n    \"postedBy\": \"6464068be7335b4ab2f3dcdb\"\r\n}}","options":{"raw":{"language":"json"}}},"url":{"raw":"http://localhost:5000/api/v1/bloodRequests/create-bloodRequest","protocol":"http","host":["localhost"],"port":"5000","path":["api","v1","bloodRequests","create-bloodRequest"]}},"response":[]},{"name":"get user","id":"7c836b67-9630-4096-92bc-b3832a3ded9a","protocolProfileBehavior":{"disableBodyPruning":true},"request":{"method":"GET","header":[]},"response":[]},{"name":"view profile","id":"0f3b278a-2c6a-47f2-9394-2db43b8b9003","protocolProfileBehavior":{"disableBodyPruning":true},"request":{"method":"GET","header":[]},"response":[]},{"name":"edit profile","id":"7bd4ac0f-40b0-4299-ad14-788db8b3f793","protocolProfileBehavior":{"disableBodyPruning":true},"request":{"method":"POST","header":[]},"response":[]}]}