{"info":{"_postman_id":"afaba9e8-90e9-4990-9a7b-f4836bfc0ce6","name":"class-room","schema":"https://schema.getpostman.com/json/collection/v2.1.0/collection.json"},"item":[{"name":"index","id":"befb505c-95a1-4443-b6a1-bfc53090f824","protocolProfileBehavior":{"disableBodyPruning":true},"request":{"auth":{"type":"bearer","bearer":[{"key":"token","value":"{{token}}","type":"string"}]},"method":"GET","header":[],"url":{"raw":"http://127.0.0.1:8000/api/class-rooms","protocol":"http","host":["127","0","0","1"],"port":"8000","path":["api","class-rooms"]}},"response":[]},{"name":"show","id":"94ab30a7-6309-418d-91d7-b7bfde6a38cb","protocolProfileBehavior":{"disableBodyPruning":true},"request":{"auth":{"type":"bearer","bearer":[{"key":"token","value":"{{token}}","type":"string"}]},"method":"GET","header":[],"url":{"raw":"http://127.0.0.1:8000/api/class-rooms/1","protocol":"http","host":["127","0","0","1"],"port":"8000","path":["api","class-rooms","1"]}},"response":[]},{"name":"store","id":"08fdbdc9-6ea9-4326-a088-7b57a300f878","protocolProfileBehavior":{"disableBodyPruning":true},"request":{"auth":{"type":"bearer","bearer":[{"key":"token","value":"{{token}}","type":"string"}]},"method":"POST","header":[],"body":{"mode":"raw","raw":"{\r\n    \r\n    \"class_number\": 3,\r\n    \"grade\": 3,\r\n    \"created_at\": null,\r\n    \"updated_at\": null\r\n}","options":{"raw":{"language":"json"}}},"url":{"raw":"http://127.0.0.1:8000/api/class-rooms","protocol":"http","host":["127","0","0","1"],"port":"8000","path":["api","class-rooms"]}},"response":[]},{"name":"destroy","id":"a7b9f3e4-c69d-422e-a19e-79c0376eb8d2","protocolProfileBehavior":{"disableBodyPruning":true},"request":{"auth":{"type":"bearer","bearer":[{"key":"token","value":"{{token}}","type":"string"}]},"method":"DELETE","header":[],"url":{"raw":"http://127.0.0.1:8000/api/class-rooms/1","protocol":"http","host":["127","0","0","1"],"port":"8000","path":["api","class-rooms","1"]}},"response":[]},{"name":"students","id":"0107024f-6d78-4f0e-bd2c-deb51bf4984d","protocolProfileBehavior":{"disableBodyPruning":true},"request":{"auth":{"type":"bearer","bearer":[{"key":"token","value":"{{token}}","type":"string"}]},"method":"GET","header":[],"url":{"raw":"http://localhost:8000/api/class-rooms/1/students","protocol":"http","host":["localhost"],"port":"8000","path":["api","class-rooms","1","students"]}},"response":[]},{"name":"update","id":"3e3ff8b7-0ec1-4ef8-ba42-f345357627bb","protocolProfileBehavior":{"disableBodyPruning":true},"request":{"auth":{"type":"bearer","bearer":[{"key":"token","value":"{{token}}","type":"string"}]},"method":"PUT","header":[],"body":{"mode":"raw","raw":"{\r\n    \"id\": 2,\r\n    \"class_number\": 2,\r\n    \"grade\": 2,\r\n    \"created_at\": null,\r\n    \"updated_at\": null\r\n}","options":{"raw":{"language":"json"}}},"url":{"raw":"http://127.0.0.1:8000/api/class-rooms/3","protocol":"http","host":["127","0","0","1"],"port":"8000","path":["api","class-rooms","3"]}},"response":[]}]}