{"info":{"_postman_id":"b08e85d6-73b8-46e5-84a7-c3176125d33c","name":"StudyNest","schema":"https://schema.getpostman.com/json/collection/v2.1.0/collection.json"},"item":[{"name":"study","item":[{"name":"add user","id":"947a38f5-0bc8-45d2-a97a-4ed07e99c327","protocolProfileBehavior":{"disableBodyPruning":true},"request":{"method":"POST","header":[],"body":{"mode":"urlencoded","urlencoded":[{"key":"username","value":"mody","type":"text"},{"key":"age","value":"30","type":"text"},{"key":"country","value":"egypt2","type":"text"},{"key":"email","value":"mo@gmail.com","type":"text"},{"key":"phone","value":"44156565","type":"text"}]},"url":{"raw":"http://127.0.0.1:3000/User","protocol":"http","host":["127","0","0","1"],"port":"3000","path":["User"]}},"response":[]},{"name":"updata","id":"02715bf7-7311-43c6-8f7c-b0f316826320","protocolProfileBehavior":{"disableBodyPruning":true},"request":{"method":"POST","header":[],"body":{"mode":"urlencoded","urlencoded":[{"key":"username","value":"mohamedasdas","type":"text"},{"key":"age","value":"20","type":"text"},{"key":"country","value":"asd","type":"text"},{"key":"phone","value":"555555","type":"text","disabled":true}]},"url":{"raw":"http://127.0.0.1:3000/5e91c17d-760c-48aa-8f7d-a9b8f4b734fb","protocol":"http","host":["127","0","0","1"],"port":"3000","path":["5e91c17d-760c-48aa-8f7d-a9b8f4b734fb"]}},"response":[]},{"name":"get all users","id":"2498f7cf-9ded-4892-895c-bddf2e0aef95","protocolProfileBehavior":{"disableBodyPruning":true},"request":{"method":"GET","header":[],"url":{"raw":"http://127.0.0.1:3000/User?username=mohamed","protocol":"http","host":["127","0","0","1"],"port":"3000","path":["User"],"query":[{"key":"username","value":"mohamed"}]}},"response":[]},{"name":"get user by id","id":"a4d1ac02-9984-4c2e-b4c1-509e03c33db4","protocolProfileBehavior":{"disableBodyPruning":true},"request":{"method":"GET","header":[],"url":{"raw":"http://127.0.0.1:3000/User/bf550c07-22c9-41cd-acd9-75b102ff48b5","protocol":"http","host":["127","0","0","1"],"port":"3000","path":["User","bf550c07-22c9-41cd-acd9-75b102ff48b5"]}},"response":[]},{"name":"Delete","id":"b30a90c7-bacd-4898-af70-245c6ff2f763","protocolProfileBehavior":{"disableBodyPruning":true},"request":{"method":"DELETE","header":[],"url":{"raw":"localhost:3000/0d5ba964-10a4-44b7-a4cb-56d5e0ca4329","host":["localhost"],"port":"3000","path":["0d5ba964-10a4-44b7-a4cb-56d5e0ca4329"]}},"response":[]}],"id":"ad0302d5-e735-42ca-b886-d3d464718e7f"},{"name":"Study ORM","item":[{"name":"createNew User","id":"b0ef2a61-5121-4e7b-9664-9d2cf438a32d","protocolProfileBehavior":{"disableBodyPruning":true},"request":{"method":"POST","header":[],"body":{"mode":"urlencoded","urlencoded":[{"key":"username","value":"mohamed54","type":"text"},{"key":"password","value":"123456","type":"text"}]},"url":{"raw":"http://localhost:3000/users/createNewUser","protocol":"http","host":["localhost"],"port":"3000","path":["users","createNewUser"]}},"response":[]},{"name":"GetUsers","id":"a882b750-883e-4b73-918e-19c249baecae","protocolProfileBehavior":{"disableBodyPruning":true},"request":{"method":"GET","header":[],"url":{"raw":"localhost:3000/users/","host":["localhost"],"port":"3000","path":["users",""]}},"response":[]},{"name":"update","id":"4349cd68-777c-4a1b-a202-60b6631bd45c","protocolProfileBehavior":{"disableBodyPruning":true},"request":{"method":"PUT","header":[],"body":{"mode":"urlencoded","urlencoded":[{"key":"username","value":"mido","type":"text"},{"key":"authStrategy","value":"fb","type":"text"}]},"url":{"raw":"localhost:3000/users/31","host":["localhost"],"port":"3000","path":["users","31"]}},"response":[]},{"name":"delete","id":"d536c178-20b2-4297-a28e-09e1fe970a42","protocolProfileBehavior":{"disableBodyPruning":true},"request":{"method":"DELETE","header":[],"url":{"raw":"localhost:3000/users/31","host":["localhost"],"port":"3000","path":["users","31"]}},"response":[]},{"name":"new User Profile","id":"2ea3faf5-291a-4a87-8cf5-d7c2b2337721","protocolProfileBehavior":{"disableBodyPruning":true},"request":{"method":"POST","header":[],"body":{"mode":"urlencoded","urlencoded":[{"key":"firstName","value":"mo","type":"text"},{"key":"lastName","value":"ha","type":"text"},{"key":"dob","value":"1612001","type":"text"},{"key":"age","value":"22","type":"text"}]},"url":{"raw":"localhost:3000/users/1/createNewUserProfile","host":["localhost"],"port":"3000","path":["users","1","createNewUserProfile"]}},"response":[]},{"name":"new Post","id":"13359468-9c95-48a8-999c-f49358a59933","protocolProfileBehavior":{"disableBodyPruning":true},"request":{"method":"POST","header":[],"body":{"mode":"urlencoded","urlencoded":[{"key":"title","value":"titleee222","type":"text"},{"key":"description","value":"descccc22","type":"text"}]},"url":{"raw":"localhost:3000/users/1/createPost","host":["localhost"],"port":"3000","path":["users","1","createPost"]}},"response":[]},{"name":"regist to course","id":"5dde04b1-b68b-45b2-bf7f-a96eb197d371","protocolProfileBehavior":{"disableBodyPruning":true},"request":{"method":"POST","header":[],"body":{"mode":"urlencoded","urlencoded":[{"key":"CourseName","value":"cs","type":"text"}]},"url":{"raw":"localhost:3000/users/1/courseRegister","host":["localhost"],"port":"3000","path":["users","1","courseRegister"]}},"response":[]}],"id":"5eea2cf7-aeda-4ede-b581-d41bb88d2f44"}]}