{"info":{"_postman_id":"d3d9b580-7765-4c90-87d7-14d2b9e76d55","name":"IA Projects","schema":"https://schema.getpostman.com/json/collection/v2.1.0/collection.json"},"item":[{"name":"Admin","item":[{"name":"Add Supervisor","id":"7ac55480-e7bc-4201-a685-24ddb8c3e6c2","protocolProfileBehavior":{"disableBodyPruning":true},"request":{"method":"POST","header":[],"body":{"mode":"urlencoded","urlencoded":[{"key":"name","value":"","type":"text"},{"key":"email","value":"moh@gmail.com","type":"text"},{"key":"phone","value":"1235555555555","type":"text"},{"key":"password","value":"123456789","type":"text"}]},"url":{"raw":"http://localhost:8000/addSupervisor","protocol":"http","host":["localhost"],"port":"8000","path":["addSupervisor"]}},"response":[]},{"name":"Set Active","id":"213e61b6-2e3c-463a-9706-45bbd423af38","protocolProfileBehavior":{"disableBodyPruning":true},"request":{"method":"GET","header":[],"body":{"mode":"formdata","formdata":[]},"url":{"raw":"http://localhost:8000/setActive/1","protocol":"http","host":["localhost"],"port":"8000","path":["setActive","1"]}},"response":[]},{"name":"Update Supervisor","id":"3936f16d-ffc1-4b9c-ac3c-5c93ba0f97e7","protocolProfileBehavior":{"disableBodyPruning":true},"request":{"method":"POST","header":[],"body":{"mode":"urlencoded","urlencoded":[{"key":"name","value":"mody","type":"text"},{"key":"phone","value":"20102010201","type":"text"},{"key":"email","value":"mody1@gmail.com","type":"text"},{"key":"password","value":"hathout","type":"text"}]},"url":{"raw":"http://localhost:8000/updateSupervisor/6","protocol":"http","host":["localhost"],"port":"8000","path":["updateSupervisor","6"],"query":[{"key":"id","value":"1","disabled":true}]}},"response":[]},{"name":"Delete User","id":"fcc8526f-e934-4ce8-861a-47780ea31b5b","protocolProfileBehavior":{"disableBodyPruning":true},"request":{"method":"DELETE","header":[],"url":{"raw":"http://localhost:8000/deleteSupervisor/7","protocol":"http","host":["localhost"],"port":"8000","path":["deleteSupervisor","7"]}},"response":[]},{"name":"getInActiveSupervisors","id":"bbd5ec2a-f72c-4404-95c7-1f0159e68095","protocolProfileBehavior":{"disableBodyPruning":true},"request":{"method":"GET","header":[],"url":{"raw":"http://localhost:8000/getInActiveSupervisors","protocol":"http","host":["localhost"],"port":"8000","path":["getInActiveSupervisors"]}},"response":[]},{"name":"getUsers","id":"3dc1c3ba-903c-48ef-9c05-057e05d4071e","protocolProfileBehavior":{"disableBodyPruning":true},"request":{"method":"GET","header":[],"url":{"raw":"http://localhost:8000/getAllSupervisors","protocol":"http","host":["localhost"],"port":"8000","path":["getAllSupervisors"]}},"response":[]}],"id":"258f9171-9490-464c-ace3-9b24f603ba9b"},{"name":"Dashboard","item":[{"name":"DashboardDataForAdmin","id":"456e8fb5-4d4c-4437-9c44-c8879c98c57f","protocolProfileBehavior":{"disableBodyPruning":true},"request":{"method":"GET","header":[],"body":{"mode":"formdata","formdata":[]},"url":{"raw":"http://localhost:8000/DashboardDataForAdmin","protocol":"http","host":["localhost"],"port":"8000","path":["DashboardDataForAdmin"]}},"response":[]},{"name":"supervisor dashboard","id":"349b3c8d-829f-4e83-856a-92b61ab8ebec","protocolProfileBehavior":{"disableBodyPruning":true},"request":{"method":"GET","header":[{"key":"userid","value":"2","type":"text"}],"body":{"mode":"urlencoded","urlencoded":[]},"url":{"raw":"http://localhost:8000/DashboardDataForSupervisor","protocol":"http","host":["localhost"],"port":"8000","path":["DashboardDataForSupervisor"]}},"response":[]}],"id":"2cdc273d-08b0-4a9b-9130-70209b68c435"},{"name":"Authentication","item":[{"name":"login","id":"eac8642a-444c-414b-9a05-65c70475561b","protocolProfileBehavior":{"disableBodyPruning":true},"request":{"method":"GET","header":[],"body":{"mode":"urlencoded","urlencoded":[{"key":"email","value":"mo@gmail.com","type":"text"},{"key":"password","value":"123456789","type":"text"}]},"url":{"raw":"http://localhost:8000/login","protocol":"http","host":["localhost"],"port":"8000","path":["login"]}},"response":[]}],"id":"c289551a-8afb-4256-a981-1a5b972b26bd"},{"name":"Warehouse","item":[{"name":"Get Sup name And id","id":"619791ba-3add-4650-be20-99eb074156bd","protocolProfileBehavior":{"disableBodyPruning":true},"request":{"method":"GET","header":[],"url":{"raw":"http://localhost:8000/getwarehouseNameAndID/5","protocol":"http","host":["localhost"],"port":"8000","path":["getwarehouseNameAndID","5"]}},"response":[]},{"name":"Add Warehouse","id":"adf7b9f1-d6b1-4ed0-a0c3-2a9d5683d06f","protocolProfileBehavior":{"disableBodyPruning":true},"request":{"method":"POST","header":[],"body":{"mode":"urlencoded","urlencoded":[{"key":"userID","value":"2","type":"text"},{"key":"name","value":"mohamedi","type":"text"},{"key":"location","value":"maadi","type":"text"}]},"url":{"raw":"http://localhost:8000/addWarehouse","protocol":"http","host":["localhost"],"port":"8000","path":["addWarehouse"],"query":[{"key":"userID","value":null,"type":"text","disabled":true}]}},"response":[]},{"name":"set Inactive","id":"a8be8946-d6dc-4ff0-9c68-13f5cfc299d4","protocolProfileBehavior":{"disableBodyPruning":true},"request":{"method":"GET","header":[],"url":{"raw":"http://localhost:8000/setWarehouseInActive/10","protocol":"http","host":["localhost"],"port":"8000","path":["setWarehouseInActive","10"]}},"response":[]},{"name":"set Active","id":"a7bcee10-628a-43b9-bcec-2c5efe272e0b","protocolProfileBehavior":{"disableBodyPruning":true},"request":{"method":"GET","header":[],"url":{"raw":"http://localhost:8000/setWarehouseActive/10","protocol":"http","host":["localhost"],"port":"8000","path":["setWarehouseActive","10"]}},"response":[]},{"name":"getWarehouses","id":"5cf8aab8-a41c-46c2-937e-a1156b6360d7","protocolProfileBehavior":{"disableBodyPruning":true},"request":{"method":"GET","header":[],"url":{"raw":"http://localhost:8000/getWarehouses/","protocol":"http","host":["localhost"],"port":"8000","path":["getWarehouses",""]}},"response":[]},{"name":"DeleteWarehouse","id":"7b95efe0-b117-4778-9748-591d72f56b86","protocolProfileBehavior":{"disableBodyPruning":true},"request":{"method":"DELETE","header":[],"url":{"raw":"http://localhost:8000/deleteWarehouse/9","protocol":"http","host":["localhost"],"port":"8000","path":["deleteWarehouse","9"],"query":[{"key":"","value":null,"type":"text","disabled":true}]}},"response":[]},{"name":"update Warehouse","id":"12a518e2-949e-48e9-b24e-151d8a103970","protocolProfileBehavior":{"disableBodyPruning":true},"request":{"method":"PUT","header":[],"body":{"mode":"urlencoded","urlencoded":[{"key":"name","value":"","type":"text"},{"key":"location","value":"","type":"text"},{"key":"isActive","value":"0","type":"text"},{"key":"UserId","value":"","type":"text"}]},"url":{"raw":"http://localhost:8000/updateWarehouse/11","protocol":"http","host":["localhost"],"port":"8000","path":["updateWarehouse","11"]}},"response":[]}],"id":"1c7c6b18-009f-448d-b466-c70890cedbd1"},{"name":"Products","item":[{"name":"Add Product","id":"65a9a351-75c7-41c5-b59e-6cfc54a87c34","protocolProfileBehavior":{"disableBodyPruning":true},"request":{"method":"POST","header":[],"body":{"mode":"formdata","formdata":[{"key":"name","value":"mo","type":"text"},{"key":"description","value":"asdf","type":"text"},{"key":"stock","value":"10","type":"text"},{"key":"price","value":"20","type":"text"},{"key":"image","type":"file","src":"/C:/Users/Mohamed/Pictures/Saved Pictures/error.png"},{"key":"wareh","value":"","type":"text","disabled":true}]},"url":{"raw":"http://localhost:8000/addNewProduct/2","protocol":"http","host":["localhost"],"port":"8000","path":["addNewProduct","2"]}},"response":[]},{"name":"getProduct","id":"678dca41-0844-4d24-95da-43e19ac4fed3","protocolProfileBehavior":{"disableBodyPruning":true},"request":{"method":"GET","header":[],"url":{"raw":"http://localhost:8000/getProduct/2","protocol":"http","host":["localhost"],"port":"8000","path":["getProduct","2"]}},"response":[]},{"name":"get All Products","id":"e472ad80-7f5b-4fcc-8969-250c64f4f34f","protocolProfileBehavior":{"disableBodyPruning":true},"request":{"method":"GET","header":[],"url":{"raw":"http://localhost:8000/getAllProducts/2","protocol":"http","host":["localhost"],"port":"8000","path":["getAllProducts","2"]}},"response":[]},{"name":"deleteProduct","id":"04538424-4cb5-468c-8d0e-d5ed4c3cd9a7","protocolProfileBehavior":{"disableBodyPruning":true},"request":{"method":"DELETE","header":[],"url":{"raw":"http://localhost:8000/deleteProduct/5","protocol":"http","host":["localhost"],"port":"8000","path":["deleteProduct","5"]}},"response":[]},{"name":"update product","id":"18c812fb-4ee5-478d-ad06-a9cff8c466b0","protocolProfileBehavior":{"disableBodyPruning":true},"request":{"method":"POST","header":[],"body":{"mode":"formdata","formdata":[{"key":"name","value":"mody","type":"text"},{"key":"description","value":"","type":"text"},{"key":"stock","value":"","type":"text"},{"key":"price","value":"","type":"text"},{"key":"image","type":"file","src":"/C:/Users/Mohamed/Pictures/Saved Pictures/Untitled.png"}]},"url":{"raw":"http://localhost:8000/updateProduct/6","protocol":"http","host":["localhost"],"port":"8000","path":["updateProduct","6"],"query":[{"key":"","value":null,"type":"text","disabled":true}]}},"response":[]}],"id":"269d0e26-f617-451e-a8c9-bfdbc17a2fd0"},{"name":"Requests","item":[{"name":"Make request","id":"ba0a515b-15c6-476e-b4e3-0cb3780d331e","protocolProfileBehavior":{"disableBodyPruning":true},"request":{"method":"POST","header":[],"body":{"mode":"urlencoded","urlencoded":[{"key":"SupervisorID","value":"1","type":"text"},{"key":"ProductID","value":"1","type":"text"},{"key":"quantity","value":"25","type":"text"},{"key":"isIncrease","value":"0","type":"text"}]},"url":{"raw":"http://localhost:8000/makeRequest","protocol":"http","host":["localhost"],"port":"8000","path":["makeRequest"],"query":[{"key":"","value":null,"type":"text","disabled":true}]}},"response":[]},{"name":"Accept Request","id":"e23ecbe0-d0f3-483d-af86-14abef5ec60a","protocolProfileBehavior":{"disableBodyPruning":true},"request":{"method":"GET","header":[{"key":"requestID","value":"3","type":"text"}],"body":{"mode":"urlencoded","urlencoded":[{"key":"requestID","value":"1","type":"text","disabled":true}]},"url":{"raw":"http://localhost:8000/acceptRequest","protocol":"http","host":["localhost"],"port":"8000","path":["acceptRequest"]}},"response":[]},{"name":"Reject request","id":"29fad6e0-4cd6-4e1d-8dee-bfa6c03b51eb","protocolProfileBehavior":{"disableBodyPruning":true},"request":{"method":"GET","header":[{"key":"requestID","value":"3","type":"text"}],"url":{"raw":"http://localhost:8000/rejectRequest","protocol":"http","host":["localhost"],"port":"8000","path":["rejectRequest"]}},"response":[]},{"name":"get requests","id":"8528acf5-636f-4809-91e2-a36e7297c268","protocolProfileBehavior":{"disableBodyPruning":true},"request":{"method":"GET","header":[{"key":"userID","value":"2","type":"text"}],"url":{"raw":"http://localhost:8000/getRequests","protocol":"http","host":["localhost"],"port":"8000","path":["getRequests"]}},"response":[]},{"name":"delete request","id":"c5a1734d-4790-4ddc-8d6c-350ae35a5f28","protocolProfileBehavior":{"disableBodyPruning":true},"request":{"method":"DELETE","header":[],"url":{"raw":"http://localhost:8000/deleteRequest/3","protocol":"http","host":["localhost"],"port":"8000","path":["deleteRequest","3"]}},"response":[]},{"name":"UpdateRequest","id":"75ac8715-77ab-456f-b9f9-5018604a3d5a","protocolProfileBehavior":{"disableBodyPruning":true},"request":{"method":"PUT","header":[],"body":{"mode":"urlencoded","urlencoded":[{"key":"isIncrease","value":"0","type":"text"},{"key":"quantity","value":"1000","type":"text"}]},"url":{"raw":"http://localhost:8000/updateRequest/1","protocol":"http","host":["localhost"],"port":"8000","path":["updateRequest","1"]}},"response":[]}],"id":"43db4ea8-5e80-4843-9016-90b2ff11615f"}]}