{"info":{"_postman_id":"e04e790c-0939-4066-8ce7-1d1097ce4128","name":"teacher","schema":"https://schema.getpostman.com/json/collection/v2.1.0/collection.json"},"item":[{"name":"index","id":"5acf4dce-d5e8-478c-9b0c-dda0d57bc63e","protocolProfileBehavior":{"disableBodyPruning":true},"request":{"auth":{"type":"bearer","bearer":[{"key":"token","value":"{{token}}","type":"string"}]},"method":"GET","header":[],"url":{"raw":"http://127.0.0.1:8000/api/teachers","protocol":"http","host":["127","0","0","1"],"port":"8000","path":["api","teachers"]}},"response":[]},{"name":"show","id":"16dfcf96-c1ec-4102-a23b-5b995d7904f0","protocolProfileBehavior":{"disableBodyPruning":true},"request":{"auth":{"type":"bearer","bearer":[{"key":"token","value":"{{token}}","type":"string"}]},"method":"GET","header":[],"url":{"raw":"http://127.0.0.1:8000/api/teachers/1","protocol":"http","host":["127","0","0","1"],"port":"8000","path":["api","teachers","1"]}},"response":[]}]}