{"info":{"_postman_id":"eacbc92e-1fd8-4029-a22f-ff7f013ab361","name":"employee","schema":"https://schema.getpostman.com/json/collection/v2.1.0/collection.json"},"item":[{"name":"index","id":"8ca81442-19a4-4287-8f0f-1f827705ff1e","protocolProfileBehavior":{"disableBodyPruning":true},"request":{"auth":{"type":"bearer","bearer":[{"key":"token","value":"{{token}}","type":"string"}]},"method":"GET","header":[],"url":{"raw":"http://127.0.0.1:8000/api/admin/manage-employee/read/3","protocol":"http","host":["127","0","0","1"],"port":"8000","path":["api","admin","manage-employee","read","3"]}},"response":[]},{"name":"create","id":"59e6da64-ef8b-4974-ac74-372e007ca197","protocolProfileBehavior":{"disableBodyPruning":true},"request":{"auth":{"type":"bearer","bearer":[{"key":"token","value":"{{token}}","type":"string"}]},"method":"POST","header":[],"body":{"mode":"raw","raw":"{\r\n    \"name\": \"yara\",\r\n    \"phone\": \"010\",\r\n    \"address\": \"egypt\",\r\n    \"email\": \"nsar26@gmail.com\",\r\n    \"department_id\": 4,\r\n    \"basic_salary\": 4\r\n}","options":{"raw":{"language":"json"}}},"url":{"raw":"http://127.0.0.1:8000/api/employee","protocol":"http","host":["127","0","0","1"],"port":"8000","path":["api","employee"]}},"response":[]},{"name":"update","id":"a467df5f-44b6-4101-b12d-07e023b08fcf","protocolProfileBehavior":{"disableBodyPruning":true},"request":{"auth":{"type":"bearer","bearer":[{"key":"token","value":"{{token}}","type":"string"}]},"method":"PUT","header":[],"body":{"mode":"raw","raw":"{\r\n    \"id\": 10,\r\n    \"name\": \"noha\",\r\n    \"email\": \"noha53@gmail.com\",\r\n    \"phone\": null,\r\n    \"address\": null,\r\n    \"department_id\": 4,\r\n    \"basic_salary\": 800,\r\n    \"role\": \"employee\",\r\n    \"subject_id\": null\r\n}","options":{"raw":{"language":"json"}}},"url":{"raw":"http://127.0.0.1:8000/api/admin/manage-employee/update/3","protocol":"http","host":["127","0","0","1"],"port":"8000","path":["api","admin","manage-employee","update","3"]}},"response":[]},{"name":"delete","id":"01228821-1a31-4738-ada6-5bf42aaf1c99","protocolProfileBehavior":{"disableBodyPruning":true},"request":{"method":"DELETE","header":[],"url":{"raw":"http://127.0.0.1:8000/api/admin/manage-employee/delete/2","protocol":"http","host":["127","0","0","1"],"port":"8000","path":["api","admin","manage-employee","delete","2"]}},"response":[]}]}